时间,方向,金额,代币,From,To,TxID
2025-11-25 19:44:42,转入,292.292000,Telegram: @ip292,TCFE7UZeHeEJS42p78WXagVPEVVdHgPnR4,TMofoe4QfwjuFc5cic6SRQcG8iqdnEA6Ne,fbd331f84c1a1406480b2c32246a23fa6bf8b8e038b3f73606b91a744e352568
2025-10-27 13:00:30,转入,"35,363,009.433963",AML,TVjWVYoJNyU7dGnHmukrtjmuGnNtkHJieD,TMofoe4QfwjuFc5cic6SRQcG8iqdnEA6Ne,4f72d534d078c9e56bdd0f5b426fab73954cc8be6b81450213b8fb2964f30cad
2025-09-29 11:11:30,转入,1.650000,USDT,TBWAYVuGtPFKh6vKLWnwBmrHpQBfts4Pc5,TMofoe4QfwjuFc5cic6SRQcG8iqdnEA6Ne,8a80751959b3ceb8d62de6752fe035f0d82f086b108a1d466e58772844e16455
2025-09-29 11:09:06,转出,165.000000,USDT,TMofoe4QfwjuFc5cic6SRQcG8iqdnEA6Ne,TBWAYvqYRCgnuaszj8FhyZdVpFp8ts4Pc5,bebe5f5a8c0fa5bca11a475fe4b69ebddc02184f8f1607071400967aa3f7c680
2025-09-29 11:07:00,转入,"9,000,000.000000",USDT,TF2xioNeXNyN2jKff9eARKu7EEeVsSxUW6,TMofoe4QfwjuFc5cic6SRQcG8iqdnEA6Ne,7074d1e7c40c9dfad0db98205801016a79f4f249c7ca0304f309cffca026860e
2025-09-29 11:06:06,转入,"7,843,400.000000",USDT,TF2xioNeXNyN2jKff9eARKu7EEeVsSxUW6,TMofoe4QfwjuFc5cic6SRQcG8iqdnEA6Ne,9ec7cc1e180d9d6b5839429437539819695634c7d16ff02cde59672ead42eadf
2025-09-29 10:54:06,转入,"724,770.000000",USDT,TJjWqg6VhPbkT2rw9r9N3B8CCcBpYkq4Aw,TMofoe4QfwjuFc5cic6SRQcG8iqdnEA6Ne,ca3d0e684f88fc0e9692d455606952d75f76127de85c7a3dbd53a2e143aa79e2
2025-09-29 09:36:42,转入,5.008009,USDT,TXaAJpEsdDUPtNMFuuhCvPR3cXe4L3dynx,TMofoe4QfwjuFc5cic6SRQcG8iqdnEA6Ne,1d100386ba6111c611feb95f7158f433f4b3a4cab5ab093a38af70edb4a40175
2025-09-29 09:31:36,转出,"5,008,000.000000",USDT,TMofoe4QfwjuFc5cic6SRQcG8iqdnEA6Ne,TXaAJSegPPEaettw1L7F6toerd1TL3dynx,b294dabcea35187ae0609ae330b907314066f928d210ef3f4aac026f4186a400
2025-09-29 09:12:06,转入,5.001909,USDT,TXaAJpEsdDUPtNMFuuhCvPR3cXe4L3dynx,TMofoe4QfwjuFc5cic6SRQcG8iqdnEA6Ne,46599729ae6ef403f4df7140ec6f0138dd681ac5e3add639a62bc2ca25005eb3
2025-09-29 09:09:27,转入,1.000000,USDT,TBhtpnrx8vtJn1E9pPfBHit5Wd1TL3dynx,TMofoe4QfwjuFc5cic6SRQcG8iqdnEA6Ne,e9f81b9bfa031c86ffb70ac35a8f14298c85ad515cdb8c946e0ff9552cccb757
2025-09-29 09:09:09,转入,1.000000,USDT,TXa4nVAHp5aAXtHy6juZ9NmcGctZL3dynx,TMofoe4QfwjuFc5cic6SRQcG8iqdnEA6Ne,5f8ab697461caed5b2006fbc637e82229611df826458a3b7768f53b7e235cbb7
2025-09-29 09:07:00,转出,"5,001,900.000000",USDT,TMofoe4QfwjuFc5cic6SRQcG8iqdnEA6Ne,TXaAJSegPPEaettw1L7F6toerd1TL3dynx,7cddb199f034b3b36d28958d0a97f24a06a176d211545ac66e8ff8547187c149
2025-09-29 09:06:57,转入,1.001000,USDT,TBhtpnrx8vtJn1E9pPfBHit5Wd1TL3dynx,TMofoe4QfwjuFc5cic6SRQcG8iqdnEA6Ne,2d0d941807ab6d097a2d312122ea97a8a9178374f75072af10bfaf2faedf4f26
2025-09-29 09:06:45,转入,1.001000,USDT,TXaAJfYLnF7suUsAhhbMfZYP7ccJL3dynx,TMofoe4QfwjuFc5cic6SRQcG8iqdnEA6Ne,cbcd9fef218bdb0741da3fd2cf6027a1c664d1133cc908bd6f8ca2ad16d89c9e
2025-09-29 09:03:39,转出,"1,000.000000",USDT,TMofoe4QfwjuFc5cic6SRQcG8iqdnEA6Ne,TXaAJSegPPEaettw1L7F6toerd1TL3dynx,1ac668a2d70a0dec275fd493a95a3d019e19c0b34170bbd5af2ad221d50c04fd
2025-09-26 16:27:45,转入,0.349900,USDT,TVkbvkGq94Trzto54UQEgfWipfYXqGFjkh,TMofoe4QfwjuFc5cic6SRQcG8iqdnEA6Ne,e224f528f87fb4d9eae6049456b466ada9b58008c0136e493693ba04497ef9d7
2025-09-26 16:21:30,转入,1.001000,USDT,TJVaMi3UkaHUCis64AK327ida4quqGFjkh,TMofoe4QfwjuFc5cic6SRQcG8iqdnEA6Ne,3690117abae5883a2a419655868314f7560cd6be8e923b0769d897f32130466d
2025-09-26 16:21:27,转出,"3,499,000.000000",USDT,TMofoe4QfwjuFc5cic6SRQcG8iqdnEA6Ne,TJVa9Ltx9esHP8hBmCf3i2jyTPs9qGFjkh,66106d0cbd1abfb40ee6836778157eb9b98a59fa4288e5218d60733bdc3eab3d
2025-09-26 16:18:54,转出,"1,000.000000",USDT,TMofoe4QfwjuFc5cic6SRQcG8iqdnEA6Ne,TJVa9Ltx9esHP8hBmCf3i2jyTPs9qGFjkh,34697065f04fdc63b1bdeb5d4e9f2057f67ed779510d507e9852c816c970b68c
2025-09-26 15:25:33,转出,"4,999,000.000000",USDT,TMofoe4QfwjuFc5cic6SRQcG8iqdnEA6Ne,TJTq5EkkokqK52aEF8PvRBs2nRYaR5XNWt,9367c2752a889ee320dba07032bf270f761b8c5c3a804bd829ecabdc95f57e4d
2025-09-26 15:24:51,转入,1.001000,USDT,TJK1hFw4cqjQosdeknmQSKkDLwYaR5XNWt,TMofoe4QfwjuFc5cic6SRQcG8iqdnEA6Ne,7dba7d3daaef850bd02a22435d5f4af971cc8fef93068ee1a31d6c566aab935d
2025-09-26 15:24:39,转入,1.001000,USDT,TJT9j78Bs5UPNcez5qUywvutKC6XR5XNWt,TMofoe4QfwjuFc5cic6SRQcG8iqdnEA6Ne,be3879992f15bbd73aa3a8778bff2f0c56c8f20f7d2aa97d8ec455a77512bd19
2025-09-26 15:24:33,转入,1.001000,USDT,TJK1hFw4cqjQosdeknmQSKkDLwYaR5XNWt,TMofoe4QfwjuFc5cic6SRQcG8iqdnEA6Ne,7f41fdb5616ceabf881813d06bfd4d01fe8da788663ccd8fdce805604c1b1a94
2025-09-26 15:24:21,转入,1.001000,USDT,TJT9j78Bs5UPNcez5qUywvutKC6XR5XNWt,TMofoe4QfwjuFc5cic6SRQcG8iqdnEA6Ne,b92d4a4d3c3adf9a9072ab7c529aeb9b1134d20527480d0a75f36b2596113454
2025-09-26 15:24:15,转入,1.001000,USDT,TJK1hFw4cqjQosdeknmQSKkDLwYaR5XNWt,TMofoe4QfwjuFc5cic6SRQcG8iqdnEA6Ne,68c4b78b28b796fe5bc7cc818d0d8815f819921557570afaac3ad34c9cf956e8
2025-09-26 15:24:00,转入,1.001000,USDT,TJT9j78Bs5UPNcez5qUywvutKC6XR5XNWt,TMofoe4QfwjuFc5cic6SRQcG8iqdnEA6Ne,c1ef300e33980e263b2153d3ce652c6656375b4dacb1c05a631594db47ba38aa
2025-09-26 15:23:24,转出,"1,000.000000",USDT,TMofoe4QfwjuFc5cic6SRQcG8iqdnEA6Ne,TJTq5EkkokqK52aEF8PvRBs2nRYaR5XNWt,26a7d6c4dffae07f8c6c7f1ace2643e4a8d55461f5929837bd104c01ca282a8c
2025-09-26 11:22:36,转出,"500,000.000000",USDT,TMofoe4QfwjuFc5cic6SRQcG8iqdnEA6Ne,TXaAJSegPPEaettw1L7F6toerd1TL3dynx,2ce288ed53d11caea0aa2f8c2372156177504ae4c04435037dd43c37ddc078e6
2025-09-26 11:22:00,转入,1.650100,USDT,TBhtpnrx8vtJn1E9pPfBHit5Wd1TL3dynx,TMofoe4QfwjuFc5cic6SRQcG8iqdnEA6Ne,dee3c7e083681fb0c218d17c9ac1bd444f1ae4465d1b5c88b646c4137b422c9a
2025-09-26 11:21:45,转入,1.650100,USDT,TXa4nVAHp5aAXtHy6juZ9NmcGctZL3dynx,TMofoe4QfwjuFc5cic6SRQcG8iqdnEA6Ne,1e7f529162c6f0e00dc15898bd669e8adcce3cd25c291d858d753deac4fbd8e9
2025-09-26 11:19:30,转入,0.650600,USDT,TXaAJpEsdDUPtNMFuuhCvPR3cXe4L3dynx,TMofoe4QfwjuFc5cic6SRQcG8iqdnEA6Ne,32ed2e13fb746d05aa883655f86e2e3b8a984d10f5e54e7947107a97d43aab19
2025-09-26 11:16:54,转出,"6,500.000000",USDT,TMofoe4QfwjuFc5cic6SRQcG8iqdnEA6Ne,TXaAJSegPPEaettw1L7F6toerd1TL3dynx,5090ed89a5940f9fe3c23f02652f9aa830edd293ccecb15dc44c2c95b8987e7e
2025-09-25 08:40:54,转入,1.000000,USDT,TUtBZLrfqF5bmQ6oHQsygBBcd29Fd6SRrF,TMofoe4QfwjuFc5cic6SRQcG8iqdnEA6Ne,3040887362a48084412fb4b6f7f0896f48299225b898119a6cb44ff4052c3a05
2025-09-25 08:40:39,转入,1.000000,USDT,TBy9aig8LmiEPV6AqpAgHNoqBPGcd6SRrF,TMofoe4QfwjuFc5cic6SRQcG8iqdnEA6Ne,39ae96ab1e1c65bf552f5aa66fee65f3475ac01fa86b54dae0f6aaa318a6b927
2025-09-25 08:39:42,转出,"14,000.000000",USDT,TMofoe4QfwjuFc5cic6SRQcG8iqdnEA6Ne,TBxRonHpYnAzFxFhUpY1v18vTQNcd6SRrF,bd9a0444dd986c97d99fa054e7d7260a4a7e42f3f0d7b75923028b53a8b3107c
2025-09-25 08:35:27,转入,1.001000,USDT,TUtBZLrfqF5bmQ6oHQsygBBcd29Fd6SRrF,TMofoe4QfwjuFc5cic6SRQcG8iqdnEA6Ne,5dcd9a3540ad78ca51af2ab61dab677d6475f6cdf196f2e6520d74b275dedb70
2025-09-25 08:35:12,转入,1.001000,USDT,TWNGQmVQLQrBTZGjWzTnh4pb34eAd6SRrF,TMofoe4QfwjuFc5cic6SRQcG8iqdnEA6Ne,e473695d87260788706ec34a82b029aa6ac001e871d677ad3eefb7ca08f485f7
2025-09-25 08:35:03,转入,1.001000,USDT,TUtBZLrfqF5bmQ6oHQsygBBcd29Fd6SRrF,TMofoe4QfwjuFc5cic6SRQcG8iqdnEA6Ne,1f03812d910b736a449feafeaeb6b2e6bb15b210641e76f7afecb97974ab3518
2025-09-25 08:34:36,转入,1.001000,USDT,TWNGQmVQLQrBTZGjWzTnh4pb34eAd6SRrF,TMofoe4QfwjuFc5cic6SRQcG8iqdnEA6Ne,9e33d3e9bfc12935ce4cbbdb4778f08df230e8acacd833c096040f4bb6dac2ec
2025-09-25 08:33:33,转出,"1,000.000000",USDT,TMofoe4QfwjuFc5cic6SRQcG8iqdnEA6Ne,TBxRonHpYnAzFxFhUpY1v18vTQNcd6SRrF,ff2a31f9216b9fc6340a1fe8718bab56693ce7ecda924f281408d920d032f048
2025-09-24 17:45:21,转入,0.450000,USDT,TDEFCrD9CG25gCpeSqXyU4pW4GFeuYen12,TMofoe4QfwjuFc5cic6SRQcG8iqdnEA6Ne,238854611a60ef3d1823341570d979eb5094ff3a49d0e8210fb68126337d3eeb
2025-09-24 17:33:21,转出,"4,500,000.000000",USDT,TMofoe4QfwjuFc5cic6SRQcG8iqdnEA6Ne,TDEA2LPm45xvMVy9AD1X5McY3fFeuYen12,af374331def2157875acf189535b0a21d691695eed941c93395675766ea2f41d
2025-09-24 14:57:18,转入,4.999009,USDT,TDEA2Y8FhGgr3VoRV5kC5dLc5hSbuYen12,TMofoe4QfwjuFc5cic6SRQcG8iqdnEA6Ne,3a335767fdebc099b7e6b06a490891b6ee14cc1b4d24ac6c75a101444de5d1b1
2025-09-24 14:56:09,转入,1.001000,USDT,TQe6hTGQFqjm52EkWbqQngWbCfFeuYen12,TMofoe4QfwjuFc5cic6SRQcG8iqdnEA6Ne,680f170640e96905dfd69400c4167769f86b915b62053d3fcc786ed20b5171c2
2025-09-24 14:55:54,转入,1.001000,USDT,TDEA23DKHF4ENuRAGiXpewPuKFkBuYen12,TMofoe4QfwjuFc5cic6SRQcG8iqdnEA6Ne,ffaf80d8dbc6e33c2c0bd6c6be9e2d1080e3f85bd3698744bbf7d2b5747f6a2f
2025-09-24 14:54:42,转出,"4,999,000.000000",USDT,TMofoe4QfwjuFc5cic6SRQcG8iqdnEA6Ne,TDEA2LPm45xvMVy9AD1X5McY3fFeuYen12,8f22f3484f0427fb44e9e8988708946053043fa752fcb0133628cb9a3a792e14
2025-09-24 14:54:18,转入,1.000100,USDT,TQe6hTGQFqjm52EkWbqQngWbCfFeuYen12,TMofoe4QfwjuFc5cic6SRQcG8iqdnEA6Ne,ff94eb9df6ab957d938f22a9b38bd1585763dee1badde7922e0e45ffce07adcb
2025-09-24 14:54:00,转入,1.000000,USDT,TQe6hTGQFqjm52EkWbqQngWbCfFeuYen12,TMofoe4QfwjuFc5cic6SRQcG8iqdnEA6Ne,281e472f77f689aa2839fdc6239413c5e4c80de50350565cb5df9074be9ef2d6
2025-09-24 14:54:00,转入,1.000100,USDT,TN8Dq8D8CjLZL9gy3LrNzJ8qkRFeuYen12,TMofoe4QfwjuFc5cic6SRQcG8iqdnEA6Ne,d86605596dab339a12b243bef1bb7819e62f514da1db4fe38b305f7d56e88911
2025-09-24 14:53:45,转入,1.000000,USDT,TVAxvJLxpwuvAeDPPmycBhqn82feuYen12,TMofoe4QfwjuFc5cic6SRQcG8iqdnEA6Ne,fcd8faa4b00ae892da435b546f7c77ca2c333f8c1829a0c605d1717f4b1e4a0c
2025-09-24 14:53:42,转入,1.001000,USDT,TQe6hTGQFqjm52EkWbqQngWbCfFeuYen12,TMofoe4QfwjuFc5cic6SRQcG8iqdnEA6Ne,b166ab31dbb77090058f5f9dc7548be0168624a93770715b2ff5c21bbf524af9
2025-09-24 14:53:36,转入,1.001000,USDT,TDEKAUqadrakwPijszFHzP9uFHnsuYen12,TMofoe4QfwjuFc5cic6SRQcG8iqdnEA6Ne,9fad334ed698074e15918b0a332f17d042ce1f810d9a7f781649291b73236593
2025-09-24 14:53:24,转入,1.001000,USDT,TDEJoXD9kXRssNZyXnNJJgy4fbRauYen12,TMofoe4QfwjuFc5cic6SRQcG8iqdnEA6Ne,30031ba700216f91867a29106f0cde20366a1cda6ee2f41a193d0706de6c014f
2025-09-24 14:53:15,转入,1.001000,USDT,TQe6hTGQFqjm52EkWbqQngWbCfFeuYen12,TMofoe4QfwjuFc5cic6SRQcG8iqdnEA6Ne,19013e14fd43c2f5503dd104d1e3c3d5cddc30ee1f1e3f409358254c278aa381
2025-09-24 14:53:00,转入,1.001000,USDT,TDEKAUqadrakwPijszFHzP9uFHnsuYen12,TMofoe4QfwjuFc5cic6SRQcG8iqdnEA6Ne,e7b1cefa68adc1c66734c3de19c784500819ba36a78de254965d76e64b3db7f6
2025-09-24 14:52:45,转出,"1,000.000000",USDT,TMofoe4QfwjuFc5cic6SRQcG8iqdnEA6Ne,TDEA2LPm45xvMVy9AD1X5McY3fFeuYen12,8193eca45c6df52d8f8f6be288c750de0741e0296249d71ce71112b1881e1094
2025-09-24 09:44:39,转出,"5,008,000.000000",USDT,TMofoe4QfwjuFc5cic6SRQcG8iqdnEA6Ne,TXaAJSegPPEaettw1L7F6toerd1TL3dynx,63ebfc7957f04136a18a1f61212d2d55e324381a9f87b0f906e2e658e6d03f1e
2025-09-24 09:20:39,转入,5.008009,USDT,TXaAJpEsdDUPtNMFuuhCvPR3cXe4L3dynx,TMofoe4QfwjuFc5cic6SRQcG8iqdnEA6Ne,38de58b3b61bb9b544ae95498d88af84555a4d0f3cf109cc69b1a1c17314f285
2025-09-24 09:18:24,转出,"5,008,000.000000",USDT,TMofoe4QfwjuFc5cic6SRQcG8iqdnEA6Ne,TXaAJSegPPEaettw1L7F6toerd1TL3dynx,24a88f9279c1d98d872d3dfa9ae4564b9c5cd0f8673cd5ca83903de2f1f7152b
2025-09-24 09:11:03,转入,0.500700,USDT,TXaA5DxzJ1cbk3ukWGiKCQrXConTL3dynx,TMofoe4QfwjuFc5cic6SRQcG8iqdnEA6Ne,656fd1caf0a0162af96e6ed028d464aa9a0e58c32965a39446a26170ab4bb21f
2025-09-24 08:59:03,转出,"5,007,000.000000",USDT,TMofoe4QfwjuFc5cic6SRQcG8iqdnEA6Ne,TXaAJSegPPEaettw1L7F6toerd1TL3dynx,cab6d7f4a96ea9aec71d3f21d5dee194871f89e85276452c298a56074693f5f2
2025-09-24 08:54:24,转入,1.001000,USDT,TXaAJpEsdDUPtNMFuuhCvPR3cXe4L3dynx,TMofoe4QfwjuFc5cic6SRQcG8iqdnEA6Ne,85f02f533df9beeb2e633495f728d26d855fc8504ac9dda679247137846cf47b
2025-09-24 08:53:45,转入,1.000000,USDT,TRJEphGHxSKpqsWmmzMHimGH6d1TL3dynx,TMofoe4QfwjuFc5cic6SRQcG8iqdnEA6Ne,a95dc6a53873fdb461f31531c45bf4bf5c1b1c2982f295dafe415fede020b829
2025-09-24 08:53:30,转入,1.000000,USDT,TYrvSksmDe3Ym732CbF4L6dXhepTL3dynx,TMofoe4QfwjuFc5cic6SRQcG8iqdnEA6Ne,a946005c3c76df368e24c12f92bf79c697b7caaed96c0ffbc223990f3616526f
2025-09-24 08:53:00,转入,1.001000,USDT,TRJEphGHxSKpqsWmmzMHimGH6d1TL3dynx,TMofoe4QfwjuFc5cic6SRQcG8iqdnEA6Ne,7c3caba7ae01a69c685199570e3ee5d74dec609f5434c20f9cc8438ba2ab41b5
2025-09-24 08:52:45,转入,1.001000,USDT,TH15YqAnTXHkiKZqNspxC7AyYbP3L3DYNx,TMofoe4QfwjuFc5cic6SRQcG8iqdnEA6Ne,6d9de1a033a5b96bd891c2d741d36a5baa48775c7398acb358179ec5eb7dc583
2025-09-24 08:52:36,转出,"1,000.000000",USDT,TMofoe4QfwjuFc5cic6SRQcG8iqdnEA6Ne,TXaAJSegPPEaettw1L7F6toerd1TL3dynx,99c8662379a48916b6696df900db2eb10be8aa68cd9ee253680f21d05d00695a
2025-09-23 11:22:54,转入,0.500800,USDT,TXaA5DxzJ1cbk3ukWGiKCQrXConTL3dynx,TMofoe4QfwjuFc5cic6SRQcG8iqdnEA6Ne,48b754c07df9df8760c7d9712c8963a6f7d50daa36b2000364b925a78d9a2188
2025-09-23 11:10:48,转出,"5,008,000.000000",USDT,TMofoe4QfwjuFc5cic6SRQcG8iqdnEA6Ne,TXaAJSegPPEaettw1L7F6toerd1TL3dynx,637f9064f9af86336f5350b36bed94776e5061b7e33d59d8f72474ec781a9540
2025-09-23 10:50:24,转入,1.001000,USDT,TRJEphGHxSKpqsWmmzMHimGH6d1TL3dynx,TMofoe4QfwjuFc5cic6SRQcG8iqdnEA6Ne,430f2252341b0e8dba69e0e4b4081c3bdc34198ea08c3eccb2e3ae3cd2c24417
2025-09-23 10:50:09,转入,1.001000,USDT,TXaAJfYLnF7suUsAhhbMfZYP7ccJL3dynx,TMofoe4QfwjuFc5cic6SRQcG8iqdnEA6Ne,21d402b01fff70f1e3b1cb8763951b7caee95d7b7f06f103e91eb15cbb12474c
2025-09-23 10:49:21,转出,"5,007,000.000000",USDT,TMofoe4QfwjuFc5cic6SRQcG8iqdnEA6Ne,TXaAJSegPPEaettw1L7F6toerd1TL3dynx,e9e322af3357a2a1faab18978ab5da1d638c8f636442da5f988b310513199057
2025-09-23 10:48:36,转入,1.001000,USDT,TRJEphGHxSKpqsWmmzMHimGH6d1TL3dynx,TMofoe4QfwjuFc5cic6SRQcG8iqdnEA6Ne,fdea80d22a75571d086fc92e18ef253b9246cac60bd39952637b51b79650efa3
2025-09-23 10:48:27,转入,1.000000,USDT,TYrvSksmDe3Ym732CbF4L6dXhepTL3dynx,TMofoe4QfwjuFc5cic6SRQcG8iqdnEA6Ne,7c246482a9c44a53754504504cfbba789578c46d1c89c9e9aefb9d5eb953039f
2025-09-23 10:48:21,转入,1.001000,USDT,TXahVK2MrquLR21uUCDcw51QE7JpL3dynx,TMofoe4QfwjuFc5cic6SRQcG8iqdnEA6Ne,9674988111bacc99e5634f2e2455a24d7e6dc0ed45efd75033f960a0c9337190
2025-09-23 10:48:12,转入,1.001000,USDT,TRJEphGHxSKpqsWmmzMHimGH6d1TL3dynx,TMofoe4QfwjuFc5cic6SRQcG8iqdnEA6Ne,acfbf5c173ab3764f2b9f224713bf94b0913c78655b9e2a2658f4bbc49110837
2025-09-23 10:48:00,转入,1.001000,USDT,TXahVK2MrquLR21uUCDcw51QE7JpL3dynx,TMofoe4QfwjuFc5cic6SRQcG8iqdnEA6Ne,44e7f069ee6cbee22cac6d728745356cca41bdc88d9b30fc6a57fc337f848cc2
2025-09-23 10:47:51,转入,1.001000,USDT,TRJEphGHxSKpqsWmmzMHimGH6d1TL3dynx,TMofoe4QfwjuFc5cic6SRQcG8iqdnEA6Ne,9975c22857abc27f8fc35c64dcd26f0a4f1aafb25d0b35b6a9f807ef20096d74
2025-09-23 10:47:39,转入,1.001000,USDT,TXahVK2MrquLR21uUCDcw51QE7JpL3dynx,TMofoe4QfwjuFc5cic6SRQcG8iqdnEA6Ne,8d7a753fe1b83fdee603b0d5fb1c2f72f61849b29ef6862547adf0bc08367d75
2025-09-23 10:47:00,转出,"1,000.000000",USDT,TMofoe4QfwjuFc5cic6SRQcG8iqdnEA6Ne,TXaAJSegPPEaettw1L7F6toerd1TL3dynx,1be6966986f9e5dcd808863d7d6e865f0f7048ce26b19e505940710f0db9a96e
2025-09-19 15:05:51,转出,"2,000,000.000000",USDT,TMofoe4QfwjuFc5cic6SRQcG8iqdnEA6Ne,TXaAJSegPPEaettw1L7F6toerd1TL3dynx,3c4db7df175625fb276e0cdb4de2a48dab4d05162f7e9cd9250ef4165f05bd99
2025-09-19 13:55:36,转入,3.999001,USDT,TYSqGpdeRwQVW15u93WSc2r3H7qaL3dynx,TMofoe4QfwjuFc5cic6SRQcG8iqdnEA6Ne,798c4d7d5dcaa420fa6f106216ff21a368b82550ba2b3e9db3b2adf6da9357e4
2025-09-19 13:51:57,转入,1.001000,USDT,TRJEphGHxSKpqsWmmzMHimGH6d1TL3dynx,TMofoe4QfwjuFc5cic6SRQcG8iqdnEA6Ne,c80a127694e84ddf75c8517d4671af3bcae015f3470276fba5ee5bd8d8b61dcb
2025-09-19 13:51:42,转入,1.001000,USDT,TXaAJyQ3RM3UCwQgWfdqgS14TKA6k3dynx,TMofoe4QfwjuFc5cic6SRQcG8iqdnEA6Ne,fb4df2d7b1604882f2778c49f9f4085b26ef0c7d65d93447d89c1efacc2f234f
2025-09-19 13:50:45,转入,1.000000,USDT,TRJEphGHxSKpqsWmmzMHimGH6d1TL3dynx,TMofoe4QfwjuFc5cic6SRQcG8iqdnEA6Ne,0e4a8112d1c76929eb51dc9030883c9117de63abfefec9a5e4ba25579452ce9a
2025-09-19 13:50:30,转入,1.000000,USDT,TUWtaHX2P5shGruLsX4htiRXXYL8L3dynx,TMofoe4QfwjuFc5cic6SRQcG8iqdnEA6Ne,7cd55040db828ef1106bf576eced3a42af079d6da6d8d001c60dfe5f39cbcfe3
2025-09-19 13:49:48,转入,1.001000,USDT,TRJEphGHxSKpqsWmmzMHimGH6d1TL3dynx,TMofoe4QfwjuFc5cic6SRQcG8iqdnEA6Ne,af42f409d8040af603b46185c22dd147c75e385aa774fd2f09a583f89a423cbf
2025-09-19 13:49:45,转出,"3,999,000.000000",USDT,TMofoe4QfwjuFc5cic6SRQcG8iqdnEA6Ne,TXaAJSegPPEaettw1L7F6toerd1TL3dynx,78d4e880bf678f3f651db66bcde34a53a351ea811c48ed289ce0583d6eed246e
2025-09-19 13:49:33,转入,1.001000,USDT,TXahVK2MrquLR21uUCDcw51QE7JpL3dynx,TMofoe4QfwjuFc5cic6SRQcG8iqdnEA6Ne,b36c0a109a366f01bde841155b9cff76278ac20ec7c38e2a08d0752d0e4aa09b
2025-09-19 13:49:24,转入,1.001000,USDT,TRJEphGHxSKpqsWmmzMHimGH6d1TL3dynx,TMofoe4QfwjuFc5cic6SRQcG8iqdnEA6Ne,f6bec5e70b2b3a65c8b60eba90efe84b3e382d9886091bad5e3ed2fb5a65d780
2025-09-19 13:49:12,转入,1.001000,USDT,TXahVK2MrquLR21uUCDcw51QE7JpL3dynx,TMofoe4QfwjuFc5cic6SRQcG8iqdnEA6Ne,71c11ba7053388724f5a2cf8b0bf26922923dbb74907fb1fbf11afff291764e9
2025-09-19 13:49:00,转入,1.001000,USDT,TRJEphGHxSKpqsWmmzMHimGH6d1TL3dynx,TMofoe4QfwjuFc5cic6SRQcG8iqdnEA6Ne,9d5129b8a44ebeb97a8f46801e829fc13d5b7fc4427b551221e496a6ee6062e8
2025-09-19 13:48:48,转入,1.001000,USDT,TH15YqAnTXHkiKZqNspxC7AyYbP3L3DYNx,TMofoe4QfwjuFc5cic6SRQcG8iqdnEA6Ne,2faba079214c43898f6949d748190a1441c5a29b762a5eae885c79c3739786dc
2025-09-19 13:48:36,转出,"1,000.000000",USDT,TMofoe4QfwjuFc5cic6SRQcG8iqdnEA6Ne,TXaAJSegPPEaettw1L7F6toerd1TL3dynx,f1998c1686e7a7d4dec6bae20fdeec41ae043fbcf0c2cdf6a99b8deee0c7ad2f
2025-09-18 09:12:09,转入,5.007001,USDT,TYSqGpdeRwQVW15u93WSc2r3H7qaL3dynx,TMofoe4QfwjuFc5cic6SRQcG8iqdnEA6Ne,de2a2765b8f9a4db73115de5cfd9fb598c76f53776f809b8c1e8eae48561640a
2025-09-18 09:09:36,转入,1.001000,USDT,TRJEphGHxSKpqsWmmzMHimGH6d1TL3dynx,TMofoe4QfwjuFc5cic6SRQcG8iqdnEA6Ne,3213c6a324fad900483e59940c5e9edd93fde9faa0c6d2f23e1c419022635cc0
2025-09-18 09:09:21,转入,1.001000,USDT,TXaAJyQ3RM3UCwQgWfdqgS14TKA6k3dynx,TMofoe4QfwjuFc5cic6SRQcG8iqdnEA6Ne,b84ccfc3724456f8a0777f98946c18f8499d85e2bc7494d64dd09e3414243a89
2025-09-18 09:07:18,转出,"5,007,000.000000",USDT,TMofoe4QfwjuFc5cic6SRQcG8iqdnEA6Ne,TXaAJSegPPEaettw1L7F6toerd1TL3dynx,494fa67da141819f363f603cc3630d60d855bf4b7b9dec71df9bfcc97a1c02fb
2025-09-18 09:06:45,转入,1.001000,USDT,TRJEphGHxSKpqsWmmzMHimGH6d1TL3dynx,TMofoe4QfwjuFc5cic6SRQcG8iqdnEA6Ne,28966048506b82a66eb42ddeef57e80b21583f0b1663e8ce3632f4db5996f7db
2025-09-18 09:06:30,转入,1.001000,USDT,TH15YqAnTXHkiKZqNspxC7AyYbP3L3DYNx,TMofoe4QfwjuFc5cic6SRQcG8iqdnEA6Ne,d30891457e5a54c5fe9af9b0546586c6f29e3e026eaaecb8981df6bf51332867
2025-09-18 09:06:12,转出,"1,000.000000",USDT,TMofoe4QfwjuFc5cic6SRQcG8iqdnEA6Ne,TXaAJSegPPEaettw1L7F6toerd1TL3dynx,2906eb91962cafc5234018be38587a39f571e9fb4bdb1556b2bbe0fc4c65c9b0
2025-09-17 17:56:48,转入,"2,000,000.000000",USDT,TFwNFHjcz2YLJLz9RK4Me4BVyVbTNf71BE,TMofoe4QfwjuFc5cic6SRQcG8iqdnEA6Ne,b193fa2e75ddc330616f64293797098ac380fb472c59d0c9177ef51ad6f6eec6
2025-09-17 16:09:54,转入,5.007001,USDT,TYSqGpdeRwQVW15u93WSc2r3H7qaL3dynx,TMofoe4QfwjuFc5cic6SRQcG8iqdnEA6Ne,c6fab91a5afe9c0cbb23116870d520fc8b15e8300e084673683eae7caccad600
2025-09-17 16:04:30,转出,"5,007,000.000000",USDT,TMofoe4QfwjuFc5cic6SRQcG8iqdnEA6Ne,TXaAJSegPPEaettw1L7F6toerd1TL3dynx,e860f1acadeaa80a6c107d11944331d3ea640f901518588ecee04041334cf475
2025-09-17 16:02:09,转出,"1,200.000000",USDT,TMofoe4QfwjuFc5cic6SRQcG8iqdnEA6Ne,TXaAJSegPPEaettw1L7F6toerd1TL3dynx,3243986073c8bd677ce44c0289808d69768258c893b522ce833564beb8d02b38
2025-09-17 11:10:06,转入,"4,000,000.000000",USDT,TFwNFHjcz2YLJLz9RK4Me4BVyVbTNf71BE,TMofoe4QfwjuFc5cic6SRQcG8iqdnEA6Ne,9ee1ac12c2144861abc042ce1588dc8c5bf031cf21f438f473038362f92a2385
2025-09-17 06:03:30,转入,8.888888,Hash.sbs,TGjjo9FG7dxywT5R62L86pwi3VTsRh3333,TMofoe4QfwjuFc5cic6SRQcG8iqdnEA6Ne,aa996e1ec6d0f917615a22e2b714777959ed4e161df508ad15005eab82d9cac6
2025-09-16 13:38:39,转入,5.008009,USDT,TA1Tax17HD8w7Wb9jvPMG36DDiwFR9TcRX,TMofoe4QfwjuFc5cic6SRQcG8iqdnEA6Ne,afd3fa4c8ddccbb24a69c4531e65d212303a5098c107cb495fe3ea05009bdac3
2025-09-16 13:36:39,转入,1.000000,USDT,TAUMgCQcEowm9HrvSnCYVwPWn7ELR9TcRX,TMofoe4QfwjuFc5cic6SRQcG8iqdnEA6Ne,acda6d0bdcf9d2d8f819105f44eb4b7e9a5a81e62a31c882b81e02213118a738
2025-09-16 13:36:24,转入,1.000000,USDT,TA1TAoVuabi18GF8kWb7dawhaMpZz9TcRX,TMofoe4QfwjuFc5cic6SRQcG8iqdnEA6Ne,effe332026a3ce3f9eb9b546777eb48915d4cffa90f0f220b6222e0a0f7b4941
2025-09-16 13:36:15,转出,"5,008,000.000000",USDT,TMofoe4QfwjuFc5cic6SRQcG8iqdnEA6Ne,TA1TAos9qzwgJNjJDEpTayZwbzELR9TcRX,5e79554aed487bffb8859fb84f3a730182b85428c345df33225cc45b666e99ab
2025-09-16 11:05:30,转出,"5,007,000.000000",USDT,TMofoe4QfwjuFc5cic6SRQcG8iqdnEA6Ne,TA1TAos9qzwgJNjJDEpTayZwbzELR9TcRX,1210da7f59aefcf5481643aff49af352833f5f4e3cb68e768b38578025de28c9
2025-09-16 10:58:57,转入,1.001000,USDT,TA1NRef9b2dK7fQcxnXyyZfeuBELR9TcRX,TMofoe4QfwjuFc5cic6SRQcG8iqdnEA6Ne,29fe4207a365df5010bb65bad9dddd30bd8808a0d3ffb70d600e7fa8074ed0e4
2025-09-16 10:56:57,转入,1.001000,USDT,TAUMgCQcEowm9HrvSnCYVwPWn7ELR9TcRX,TMofoe4QfwjuFc5cic6SRQcG8iqdnEA6Ne,9dd567cb43333c2562b268b3fbfe71cf564876a33b8409f60f0bdb40d38cccf2
2025-09-16 10:56:42,转入,1.001000,USDT,TA11NZN9ZUhF9swhL1oaWoawAXjMR9TcRX,TMofoe4QfwjuFc5cic6SRQcG8iqdnEA6Ne,e25b239ebb906a7984b13fdcdce36c03f47cecd124d05fddec67547d04fb3cc1
2025-09-16 10:56:33,转入,1.001000,USDT,TAUMgCQcEowm9HrvSnCYVwPWn7ELR9TcRX,TMofoe4QfwjuFc5cic6SRQcG8iqdnEA6Ne,4e73d6cb23b8c4963379f5f04845d7a1f64c8845d204f01e6c93091a69ea40c2
2025-09-16 10:56:27,转入,1.000000,USDT,TNRTwLq3NnKyFSGLhreKiHfA5rZqR9TcRX,TMofoe4QfwjuFc5cic6SRQcG8iqdnEA6Ne,acfd9452349ba2a19928db12eadd61b3babc13c8efa5d30d767a2996536fa8dd
2025-09-16 10:56:18,转入,1.001000,USDT,TA11NZN9ZUhF9swhL1oaWoawAXjMR9TcRX,TMofoe4QfwjuFc5cic6SRQcG8iqdnEA6Ne,103cef8882ea61115f9d8e531bf26b31e57f305cf46ad6dc10cda7d1b3f813ed
2025-09-16 10:56:09,转入,1.001000,USDT,TAUMgCQcEowm9HrvSnCYVwPWn7ELR9TcRX,TMofoe4QfwjuFc5cic6SRQcG8iqdnEA6Ne,ac1df51ae2ae0027e513514c3c19e93118a42581530b0ecd7dc09348bfd9b4a0
2025-09-16 10:55:54,转入,1.001000,USDT,TA11NZN9ZUhF9swhL1oaWoawAXjMR9TcRX,TMofoe4QfwjuFc5cic6SRQcG8iqdnEA6Ne,41a5d02ed2e1177d0d2914dfc80956e95ddb7e8ee4483c9815bf6c3a4f58a227
2025-09-16 10:55:39,转入,1.001000,USDT,TAUMgCQcEowm9HrvSnCYVwPWn7ELR9TcRX,TMofoe4QfwjuFc5cic6SRQcG8iqdnEA6Ne,df77c62f34ada140ade6ecc16e1018e482c534fc2060e76e7ff4888a3de64efb
2025-09-16 10:55:27,转入,1.001000,USDT,TA1yC5D5NFPF4yYHBiXszvV1aPn7R9TcRX,TMofoe4QfwjuFc5cic6SRQcG8iqdnEA6Ne,d2dd80a969843795b7de62b1d9de875d18091d3ac6fd3810bf223d5b0d2feee0
2025-09-16 10:55:15,转出,"1,000.000000",USDT,TMofoe4QfwjuFc5cic6SRQcG8iqdnEA6Ne,TA1TAos9qzwgJNjJDEpTayZwbzELR9TcRX,22e9a6a09e263ab03dcda3fe0b58d4f07663fb9c5f1eba44522f2671b1174fdb
2025-09-15 08:46:18,转入,"1,639,173.560000",USDT,TFwNFHjcz2YLJLz9RK4Me4BVyVbTNf71BE,TMofoe4QfwjuFc5cic6SRQcG8iqdnEA6Ne,938e26c7386ad4b698547f756e7c6d583adfe6ce3244c99ed68216f13860575c
2025-09-15 07:17:42,转入,"8,000,000.000000",USDT,TFwNFHjcz2YLJLz9RK4Me4BVyVbTNf71BE,TMofoe4QfwjuFc5cic6SRQcG8iqdnEA6Ne,24c07200b9ba719d8fc5e4ca413f4e4a2a7fbc3a7dce4f551f33c6ac72ed6517
2025-09-12 14:26:09,转入,"6,500,000.000000",USDT,TFwNFHjcz2YLJLz9RK4Me4BVyVbTNf71BE,TMofoe4QfwjuFc5cic6SRQcG8iqdnEA6Ne,6e312e02b1167d8abce2d92ce46c0275c9b489360793ca00dc6f6b430e77522f
2025-09-12 13:11:48,转入,"3,500,000.000000",USDT,TFwNFHjcz2YLJLz9RK4Me4BVyVbTNf71BE,TMofoe4QfwjuFc5cic6SRQcG8iqdnEA6Ne,19deb667bc90be764d3bbacdb65c55736af8483b2456d782149e9a298a070074
2025-09-12 12:35:21,转入,"1,500,000.000000",USDT,TFwNFHjcz2YLJLz9RK4Me4BVyVbTNf71BE,TMofoe4QfwjuFc5cic6SRQcG8iqdnEA6Ne,c883b30324ed41ba0c4f4167aa2b1daa64d44e8f475ec1e6c2b75610321f4dde
2025-09-12 12:10:33,转入,"6,500,000.000000",USDT,TFwNFHjcz2YLJLz9RK4Me4BVyVbTNf71BE,TMofoe4QfwjuFc5cic6SRQcG8iqdnEA6Ne,a7f67ec72ed63db87e2585f8a4c7f8bfa2b9967b6e5fb20948b033bfe3fd0047
2025-09-12 08:23:36,转入,8.888888,MaiHao biz,TAmwBUARpkKzBt6arCVsWq9SdtftJBumtQ,TMofoe4QfwjuFc5cic6SRQcG8iqdnEA6Ne,9bfa7b991a34a798613cfc22683b1f2ce8fd2e2fbf5f2a2d10ce44036f83b0e8
2025-09-11 15:27:03,转入,"2,000,000.000000",USDT,TFwNFHjcz2YLJLz9RK4Me4BVyVbTNf71BE,TMofoe4QfwjuFc5cic6SRQcG8iqdnEA6Ne,c4a7e8dd82caa84d4665bf133486e7f0c0ddedaae42d84794a0102ea9f8b5bf0
2025-09-11 14:48:12,转入,"4,500,000.000000",USDT,TFwNFHjcz2YLJLz9RK4Me4BVyVbTNf71BE,TMofoe4QfwjuFc5cic6SRQcG8iqdnEA6Ne,ffe7004abcd6b3b2c5b0d73fe8f71bad4337532c165a690aa787da522c92bcfa
2025-09-11 13:59:45,转入,"3,000,000.000000",USDT,TFwNFHjcz2YLJLz9RK4Me4BVyVbTNf71BE,TMofoe4QfwjuFc5cic6SRQcG8iqdnEA6Ne,f302251e56b48f6be4be90c5f6e8faedc52fd7d5e83e0ca2cb4846e97437a210
2025-09-11 12:55:21,转出,"1,808,000.000000",USDT,TMofoe4QfwjuFc5cic6SRQcG8iqdnEA6Ne,TKocA2TZXtx3wZGrMx6Cczz1uUVTAqaCf4,00fdd4f4abb6d43c2672a68503b1d4aa456f38af295f8d62ac33958e25504b88
2025-09-11 12:55:00,转入,0.750000,USDT,TKotJxn3DeADMEAUQyXca6DAp6FTAqaCf4,TMofoe4QfwjuFc5cic6SRQcG8iqdnEA6Ne,2c6e88f1c1f4bd580ec9aaf67a35914e72f1f7fda960ae976814e325e6f1a5d8
2025-09-11 12:53:54,转出,75.000000,USDT,TMofoe4QfwjuFc5cic6SRQcG8iqdnEA6Ne,TKocA2TZXtx3wZGrMx6Cczz1uUVTAqaCf4,1ae7ad8829aefea2e59439a9cc9896dd30dd235d5c170b00b43c6eba5552fcb0
2025-09-11 10:27:45,转入,1.010000,USDT,TSMycbuk8rmujxWYnDWxr7dihLbHQD5qV8,TMofoe4QfwjuFc5cic6SRQcG8iqdnEA6Ne,87f815752e66afb85736affee85a487c12b09ad4dc5ded88e4bba2c9b0082b6e
2025-09-11 10:27:33,转入,1.010000,USDT,TSMgRrbwGPn5gtAFEd7SvzbvWb5FHD5qV8,TMofoe4QfwjuFc5cic6SRQcG8iqdnEA6Ne,37fad5418b1d3cfaf3dd5832526602fa651dff3698b7bc6d02e852fcf986b7d1
2025-09-11 10:27:33,转入,1.010000,USDT,TSMycbuk8rmujxWYnDWxr7dihLbHQD5qV8,TMofoe4QfwjuFc5cic6SRQcG8iqdnEA6Ne,8c4acdab715dab39c3ab3ded2276c01fb3299a090a9710ab16d228af577f4879
2025-09-11 10:27:18,转入,1.010000,USDT,TSMyMQUyWU4qs8NtD7MuPR4exLkboD5qV8,TMofoe4QfwjuFc5cic6SRQcG8iqdnEA6Ne,4fd232589a036f7e0c4056057c01884831e93803c76dd0cb12085dddb9d5f03c
2025-09-11 10:26:39,转入,1.010000,USDT,TSBT5D5V8xBR6GNxjZRYrdEmwvjh7TPFyg,TMofoe4QfwjuFc5cic6SRQcG8iqdnEA6Ne,a0c1ef22da81baf5b5625851ddcbc01600c5098363b251fa56e7b9d1bd12d259
2025-09-11 10:26:24,转入,1.010000,USDT,TSBT5D5V8xBR6GNxjZRYrdEmwvjh7TPFyg,TMofoe4QfwjuFc5cic6SRQcG8iqdnEA6Ne,b7f129b2afdc3d08e0ac60a894f3a55e799e847545a1c23d56bdf9872b726136
2025-09-11 10:26:24,转入,1.010000,USDT,TSBMNnwWCsCwpX379zsiYjFHqK4BqTPFyg,TMofoe4QfwjuFc5cic6SRQcG8iqdnEA6Ne,18e08e109515bead6770d6884a24c4b3b90c9f5280996eab731ab3247fa137a0
2025-09-11 10:26:09,转入,1.010000,USDT,TSBTdb14ckf8va2cDQSRq1svz7YHyTPFyg,TMofoe4QfwjuFc5cic6SRQcG8iqdnEA6Ne,09bf3e675f5fac8de7070e3dc85a67152c9371ad8561bf067b021bca53ed2620
2025-09-11 10:24:45,转入,1.010000,USDT,TSMycbuk8rmujxWYnDWxr7dihLbHQD5qV8,TMofoe4QfwjuFc5cic6SRQcG8iqdnEA6Ne,8b3f31acb2af85511313ebeecbf1ddef31ceb3f3ded72d166efaa44438953fbb
2025-09-11 10:24:30,转入,1.010000,USDT,TSMgRrbwGPn5gtAFEd7SvzbvWb5FHD5qV8,TMofoe4QfwjuFc5cic6SRQcG8iqdnEA6Ne,4c9f0018e6289edf50a94fafee4e0afd6c2d62f9489a1dedb0d5dda45ccd4198
2025-09-11 10:24:12,转出,100.000000,USDT,TMofoe4QfwjuFc5cic6SRQcG8iqdnEA6Ne,TSMyMBSmnXoTDxDtaXiYGFZRLFXbHD5qV8,17fb1c1a19f6bb4470aef4b54fe715b7adf0d1623eac94986c1c6ab7d9bd11b5
2025-09-11 10:23:33,转入,1.010000,USDT,TSBT5D5V8xBR6GNxjZRYrdEmwvjh7TPFyg,TMofoe4QfwjuFc5cic6SRQcG8iqdnEA6Ne,9a33eba39bae351c862d6a2bda73c05bd2addfc60d0a9278dd0b22313b1ca929
2025-09-11 10:23:21,转入,1.010000,USDT,TSBMNnwWCsCwpX379zsiYjFHqK4BqTPFyg,TMofoe4QfwjuFc5cic6SRQcG8iqdnEA6Ne,2aa1f0232132c75d1e10f570330cb495051749d2507b9d222b4ce41e779e77e3
2025-09-11 10:23:03,转出,100.000000,USDT,TMofoe4QfwjuFc5cic6SRQcG8iqdnEA6Ne,TSBTdYkJoBiq3LpoTykKdvm2XpKHqTPFyg,259d009518a2220f2497f6c633d3407f02e5b96fd702a5f6fe543a2aeee2d4b3
2025-09-11 09:21:21,转入,"33,552.000000",USDT,TDLWDLmgjSLW6wupqyGWhfBinRaxj487kv,TMofoe4QfwjuFc5cic6SRQcG8iqdnEA6Ne,42a8e24b3d3a1bca27bfd0020fcba20f5f4cb25420a78fc5a82c383ce2dc2aa3
2025-09-11 04:32:06,转入,1.000000,USDT,TXg39K9nvRDBMymdHuziTTP9WvnsVLxGtC,TMofoe4QfwjuFc5cic6SRQcG8iqdnEA6Ne,b47b9fd55285ab3082110e305833e45d8bc528d2f0abe8081984bd8119abd61f
2025-09-10 17:35:33,转入,0.880010,USDT,TNyYXZaBR8wLk1EYaUBDxunGm6KZacqhHs,TMofoe4QfwjuFc5cic6SRQcG8iqdnEA6Ne,41a050b8f4a175dff17558a5f4604bfae27a4941f39d63812d7edd556b224b7c
2025-09-10 17:35:18,转入,0.880010,USDT,TU6QaJvMkcDVVTGiMNUE5uXtoW2HacqhHs,TMofoe4QfwjuFc5cic6SRQcG8iqdnEA6Ne,659b3511a425be482387657992b96b4260e9067174f36e48ead11518d87aff56
2025-09-10 17:34:00,转入,1.000000,USDT,TNyYXZaBR8wLk1EYaUBDxunGm6KZacqhHs,TMofoe4QfwjuFc5cic6SRQcG8iqdnEA6Ne,d3989d3639dd3b2e31464a902bc7e98bf6611e048518896911382cfdb666f339
2025-09-10 17:33:45,转入,1.000000,USDT,TUTFvohQ3RfPhHiRSvSPAPxK5xnmacqhHs,TMofoe4QfwjuFc5cic6SRQcG8iqdnEA6Ne,94169465ca2828224c8bb1129b9c6b744b8153d32be324570004014564f866bb
2025-09-10 17:33:39,转出,"88,000.000000",USDT,TMofoe4QfwjuFc5cic6SRQcG8iqdnEA6Ne,TU6fDb24fNmx7xDs7FCCchqHm6KZacqhHs,14ce88293d64c6955b891e8e859cb41b8389e9d3378e99d407fe92e6e05181f7
2025-09-10 17:33:12,转入,0.888000,USDT,TNyYXZaBR8wLk1EYaUBDxunGm6KZacqhHs,TMofoe4QfwjuFc5cic6SRQcG8iqdnEA6Ne,933cdc812168bc06a83c70152adfcad419b52457c1d0f9af2c85118b9ef24a93
2025-09-10 17:33:00,转入,0.888000,USDT,TU6QaJvMkcDVVTGiMNUE5uXtoW2HacqhHs,TMofoe4QfwjuFc5cic6SRQcG8iqdnEA6Ne,55a808507c087fd7c052832b86d6f38a7ceb0da2509f58fe1f71135867d81eda
2025-09-10 17:31:18,转出,888.000000,USDT,TMofoe4QfwjuFc5cic6SRQcG8iqdnEA6Ne,TU6fDb24fNmx7xDs7FCCchqHm6KZacqhHs,ee7714cfe5eeb5d51c2a108f6c6e6064deeadf1837fdb38377ec014e6b831656
2025-09-10 15:08:00,转入,"6,000,000.000000",USDT,TKocA2TZXtx3wZGrMx6Cczz1uUVTAqaCf4,TMofoe4QfwjuFc5cic6SRQcG8iqdnEA6Ne,6e7583286e65156bf7dc7ec6bb5f0121ce354b1b920c27c4f28fb555578bc07e
2025-09-10 14:51:42,转入,"1,800,000.000000",USDT,TFwNFHjcz2YLJLz9RK4Me4BVyVbTNf71BE,TMofoe4QfwjuFc5cic6SRQcG8iqdnEA6Ne,e4a43d069677c73dbd88b240b9310db630abdad38cdf7f9b2814e9b73d8c644f
2025-09-10 14:45:18,转入,"3,000,000.000000",USDT,TKocA2TZXtx3wZGrMx6Cczz1uUVTAqaCf4,TMofoe4QfwjuFc5cic6SRQcG8iqdnEA6Ne,29dea49e034096cc156fec50c6cb44a2f9fbcced50ebee90c0f6e5e70b127d65
2025-09-10 14:43:51,转入,"6,000,000.000000",USDT,TDEA2LPm45xvMVy9AD1X5McY3fFeuYen12,TMofoe4QfwjuFc5cic6SRQcG8iqdnEA6Ne,693e072e0048b83982c56559f2c51445fcda6d749b70c636c114856d01d90929
2025-09-10 14:43:06,转入,"3,000,000.000000",USDT,TKocA2TZXtx3wZGrMx6Cczz1uUVTAqaCf4,TMofoe4QfwjuFc5cic6SRQcG8iqdnEA6Ne,538bdec775b5c9e7646887aec420cac4dc8ce7f616fcb4b8256c55cd46823d29
2025-09-10 12:35:18,转入,"1,500,000.000000",USDT,TDEA2LPm45xvMVy9AD1X5McY3fFeuYen12,TMofoe4QfwjuFc5cic6SRQcG8iqdnEA6Ne,f6b91746ada3d8fef037df0710782df14517c8d0874851e6ad34449ac9d66bb0
2025-09-10 12:34:27,转入,"1,500,000.000000",USDT,TKocA2TZXtx3wZGrMx6Cczz1uUVTAqaCf4,TMofoe4QfwjuFc5cic6SRQcG8iqdnEA6Ne,f7e53e9de328d5e0317e4a99e5687311e4bc13087da50e21529acd5947569cb7
2025-09-10 08:37:51,转入,"980,800.000000",USDT,TKocA2TZXtx3wZGrMx6Cczz1uUVTAqaCf4,TMofoe4QfwjuFc5cic6SRQcG8iqdnEA6Ne,528428b15574aaca49b68443b35b85ac6b4f7dab5b16ea0d8ebb7766140e071a
2025-09-10 07:42:30,转入,"4,890,000.000000",USDT,TKocA2TZXtx3wZGrMx6Cczz1uUVTAqaCf4,TMofoe4QfwjuFc5cic6SRQcG8iqdnEA6Ne,d3ecfff50437bea2e0e9458923b4cbfe13de62c56ff1bdf3a0efeba9eea38a5a
2025-09-10 07:40:18,转入,"7,000.000000",USDT,TKocA2TZXtx3wZGrMx6Cczz1uUVTAqaCf4,TMofoe4QfwjuFc5cic6SRQcG8iqdnEA6Ne,58c96116fddec716060a008e44d192c3d165118a572486da58faf27905460e6c
2025-09-09 16:31:03,转入,"3,854,439.740000",USDT,TFwNFHjcz2YLJLz9RK4Me4BVyVbTNf71BE,TMofoe4QfwjuFc5cic6SRQcG8iqdnEA6Ne,436b5b9ddbfea108a91cbc1bf5b4ef685287f564a6521b93a6a9ee48d6fd1781
2025-09-09 14:46:33,转入,"3,500,000.000000",USDT,TFwNFHjcz2YLJLz9RK4Me4BVyVbTNf71BE,TMofoe4QfwjuFc5cic6SRQcG8iqdnEA6Ne,5acbe00d30b6b25e14c41e80f32e3f32bc2d1efe7dbff2d9f7c054eddccf645d
2025-09-09 11:59:45,转入,"5,000,000.000000",USDT,TFwNFHjcz2YLJLz9RK4Me4BVyVbTNf71BE,TMofoe4QfwjuFc5cic6SRQcG8iqdnEA6Ne,f59773192d95f939bcfbbaea2452298d1cb4db1369a6fa6c4d8deee57508b2ec
2025-09-08 13:48:24,转入,"3,000,000.000000",USDT,TFwNFHjcz2YLJLz9RK4Me4BVyVbTNf71BE,TMofoe4QfwjuFc5cic6SRQcG8iqdnEA6Ne,757c59fbd63948dd1ad1cd2307eabce1c49a6628e3b5c60c0991cac4e10a917d
2025-09-08 11:21:24,转入,5.008009,USDT,TA1Tax17HD8w7Wb9jvPMG36DDiwFR9TcRX,TMofoe4QfwjuFc5cic6SRQcG8iqdnEA6Ne,5caefc222c4abd03795d8391f84f743bb6b0f95723e9db3bf93a19c7fad3b147
2025-09-08 11:19:30,转出,"5,008,000.000000",USDT,TMofoe4QfwjuFc5cic6SRQcG8iqdnEA6Ne,TA1TAos9qzwgJNjJDEpTayZwbzELR9TcRX,4559f709a0ce8d2a275dc97920318bd709508ead1a3b40d2b88d2e4d8518f925
2025-09-08 09:03:51,转入,1.001000,USDT,TAUMgCQcEowm9HrvSnCYVwPWn7ELR9TcRX,TMofoe4QfwjuFc5cic6SRQcG8iqdnEA6Ne,3f8550d5d604f5ec9336469f31e6dcf8db88a4734c44261548979f9ce165329a
2025-09-08 09:03:45,转入,5.007009,USDT,TA1Tax17HD8w7Wb9jvPMG36DDiwFR9TcRX,TMofoe4QfwjuFc5cic6SRQcG8iqdnEA6Ne,dface7a4d1d2967f9a524770b95c0a4ddb969c431e0ef660aa0df33739b2d913
2025-09-08 09:03:30,转入,1.001000,USDT,TA1TAoVuabi18GF8kWb7dawhaMpZz9TcRX,TMofoe4QfwjuFc5cic6SRQcG8iqdnEA6Ne,4c26606acdd22fa74098988df6a0bb19ac57c0a49bd2cc1312c9de449698c5b8
2025-09-08 09:02:00,转出,"5,007,000.000000",USDT,TMofoe4QfwjuFc5cic6SRQcG8iqdnEA6Ne,TA1TAos9qzwgJNjJDEpTayZwbzELR9TcRX,a83d91c5c0b71634a85c9d2b4a7c5f3248148d4cef9a6ed4b652012672136660
2025-09-08 09:01:48,转入,1.001000,USDT,TAUMgCQcEowm9HrvSnCYVwPWn7ELR9TcRX,TMofoe4QfwjuFc5cic6SRQcG8iqdnEA6Ne,b4627f0af110e8eac0c898abb1e7ee4c3270fccecc5cf2bce5b5c9f4ddd5fc39
2025-09-08 09:01:30,转入,1.001000,USDT,TA11NZN9ZUhF9swhL1oaWoawAXjMR9TcRX,TMofoe4QfwjuFc5cic6SRQcG8iqdnEA6Ne,60e7368d0ca48e3124adc25b36cf1009b44f775236229f43a8278b4bf4b7c50d
2025-09-08 09:01:21,转入,1.001000,USDT,TAUMgCQcEowm9HrvSnCYVwPWn7ELR9TcRX,TMofoe4QfwjuFc5cic6SRQcG8iqdnEA6Ne,61d3be7d79cc294115a6b6805891b0de5e41d0571fb7a51c48b4901666816bfd
2025-09-08 09:01:12,转入,1.001000,USDT,TA11NZN9ZUhF9swhL1oaWoawAXjMR9TcRX,TMofoe4QfwjuFc5cic6SRQcG8iqdnEA6Ne,8b04e16b04efca14886acd069514a05a9423a5b0abc8ab5d0f5ce765a6228b15
2025-09-08 09:01:03,转入,1.001000,USDT,TAUMgCQcEowm9HrvSnCYVwPWn7ELR9TcRX,TMofoe4QfwjuFc5cic6SRQcG8iqdnEA6Ne,a57cc5a1c7ba75be59d901cdf04c353fce0284c7f1d53de196c3e5674ac512c9
2025-09-08 09:01:00,转入,1.001000,USDT,TA11NZN9ZUhF9swhL1oaWoawAXjMR9TcRX,TMofoe4QfwjuFc5cic6SRQcG8iqdnEA6Ne,8c49961b654f9edd2f717b856f88ead21a3464a3cfe6aa33d98233d5fffc6721
2025-09-08 09:00:39,转入,1.001000,USDT,TA1yC5D5NFPF4yYHBiXszvV1aPn7R9TcRX,TMofoe4QfwjuFc5cic6SRQcG8iqdnEA6Ne,a4f217f7c745e185d4b9eed1b1e52f92243e946583c5f65e188710af815cb792
2025-09-08 09:00:24,转出,"1,000.000000",USDT,TMofoe4QfwjuFc5cic6SRQcG8iqdnEA6Ne,TA1TAos9qzwgJNjJDEpTayZwbzELR9TcRX,e0abf3395bfed78f5826870b720a90b08ba1946d3820b09f68a9f1b15bb8e41e
2025-09-05 15:12:15,转入,"4,000,000.000000",USDT,TFwNFHjcz2YLJLz9RK4Me4BVyVbTNf71BE,TMofoe4QfwjuFc5cic6SRQcG8iqdnEA6Ne,6bedb445bde8f9a7f250b32cb01b376c2e74ac4b3c7947446c352698b3e8f58a
2025-09-05 13:57:54,转入,5.008009,USDT,TA1Tax17HD8w7Wb9jvPMG36DDiwFR9TcRX,TMofoe4QfwjuFc5cic6SRQcG8iqdnEA6Ne,c1c4ce09e1ceb3a3c58b4288300753bfa85e211c0a4a39a863c9e944681890a6
2025-09-05 13:56:03,转出,"5,008,000.000000",USDT,TMofoe4QfwjuFc5cic6SRQcG8iqdnEA6Ne,TA1TAos9qzwgJNjJDEpTayZwbzELR9TcRX,a1f92374c7ed7f5bc50af88df762600486704e252dbdd235d5a894fdb56ec35c
2025-09-05 13:49:21,转入,0.533477,USDT,TDE4X4nap1DzcxR9tX2rpx9j8y5euYen12,TMofoe4QfwjuFc5cic6SRQcG8iqdnEA6Ne,e061cf2183fcbfe122b3e07b53aeed563c9ba446860ed8a0c608dfaf70c74cf3
2025-09-05 13:45:21,转出,"5,007,000.000000",USDT,TMofoe4QfwjuFc5cic6SRQcG8iqdnEA6Ne,TA1TAos9qzwgJNjJDEpTayZwbzELR9TcRX,ab46a711d5f5e52a8daddbc0470acdc1243209d44b886ce2f8fc603fdf793095
2025-09-05 13:44:06,转出,"533,477.000000",USDT,TMofoe4QfwjuFc5cic6SRQcG8iqdnEA6Ne,TDEA2LPm45xvMVy9AD1X5McY3fFeuYen12,c0b5df3055f6efd4576299efd1fdf3cb4c36cf6a20fea39fbcc868141f35b673
2025-09-05 13:41:39,转入,1.000000,USDT,TAUMgCQcEowm9HrvSnCYVwPWn7ELR9TcRX,TMofoe4QfwjuFc5cic6SRQcG8iqdnEA6Ne,f4782cbb8c0aa3f4c0dd0242f0a26f2c2043c4e470408b01232105befa6c22c1
2025-09-05 13:41:06,转入,1.000000,USDT,TNRTwLq3NnKyFSGLhreKiHfA5rZqR9TcRX,TMofoe4QfwjuFc5cic6SRQcG8iqdnEA6Ne,5dc02d3b2990dc467eb29435602429827cba028ab585b02d6dd042a3f02424c9
2025-09-05 13:40:57,转入,1.001000,USDT,TAUMgCQcEowm9HrvSnCYVwPWn7ELR9TcRX,TMofoe4QfwjuFc5cic6SRQcG8iqdnEA6Ne,62e721ee312a32ee3fd0de37694db05661e9c924a1cf63f77f2e1c317c66f09e
2025-09-05 13:40:30,转入,1.001000,USDT,TA1TAoVuabi18GF8kWb7dawhaMpZz9TcRX,TMofoe4QfwjuFc5cic6SRQcG8iqdnEA6Ne,04f1f085f6e1e117e15792bd855bd39efdff2fc05c2c07707274ae38175d1e1a
2025-09-05 13:40:21,转入,1.001000,USDT,TAUMgCQcEowm9HrvSnCYVwPWn7ELR9TcRX,TMofoe4QfwjuFc5cic6SRQcG8iqdnEA6Ne,1f3a97654d4cee49b332aec43921abd84be18d806fec5e7b49604f9bc64a5be5
2025-09-05 13:40:00,转入,1.001000,USDT,TA11NZN9ZUhF9swhL1oaWoawAXjMR9TcRX,TMofoe4QfwjuFc5cic6SRQcG8iqdnEA6Ne,6d255c95ce462f644c045378d40fab2f2ea3c4aaf69a32722402530f5e500d74
2025-09-05 13:39:51,转入,1.001000,USDT,TAUMgCQcEowm9HrvSnCYVwPWn7ELR9TcRX,TMofoe4QfwjuFc5cic6SRQcG8iqdnEA6Ne,884df3faca20bf3f5030fb5d3057229912110f0c349c090ae753562dc3407933
2025-09-05 13:39:33,转入,1.001000,USDT,TA11NZN9ZUhF9swhL1oaWoawAXjMR9TcRX,TMofoe4QfwjuFc5cic6SRQcG8iqdnEA6Ne,20463c2d41e884babfbd0c7c6f7eafaf155058f2d55500e5759f1b87b8f2fd61
2025-09-05 13:39:27,转入,1.001000,USDT,TAUMgCQcEowm9HrvSnCYVwPWn7ELR9TcRX,TMofoe4QfwjuFc5cic6SRQcG8iqdnEA6Ne,01debe65304b037d97fdb1a5dcffcc1a1d4a88f9b0ec323a676450f53735c4f4
2025-09-05 13:39:12,转入,1.001000,USDT,TA1Tax17HD8w7Wb9jvPMG36DDiwFR9TcRX,TMofoe4QfwjuFc5cic6SRQcG8iqdnEA6Ne,611f2d9fd786bfef473b17cabc58a37596c142108c2e52919da03f16b7da2b6b
2025-09-05 13:39:03,转入,1.001000,USDT,TA11NZN9ZUhF9swhL1oaWoawAXjMR9TcRX,TMofoe4QfwjuFc5cic6SRQcG8iqdnEA6Ne,57402716f0727c17ae154f9ce12227fe0e9dd8647153755c6d1cfcd5d084ae6c
2025-09-05 13:37:57,转入,1.001000,USDT,TAUMgCQcEowm9HrvSnCYVwPWn7ELR9TcRX,TMofoe4QfwjuFc5cic6SRQcG8iqdnEA6Ne,d7ad0c7190b765ea0e96c2baa64d0423c94818fe132a8cb93da4420fef39375d
2025-09-05 13:37:39,转入,1.001000,USDT,TA1yC5D5NFPF4yYHBiXszvV1aPn7R9TcRX,TMofoe4QfwjuFc5cic6SRQcG8iqdnEA6Ne,cf0c0edb09feb1b47394ee36d0ce11ecf45cee5edc32ede65a8d78d0adeaa196
2025-09-05 13:37:24,转出,"1,000.000000",USDT,TMofoe4QfwjuFc5cic6SRQcG8iqdnEA6Ne,TA1TAos9qzwgJNjJDEpTayZwbzELR9TcRX,d45ddc354b13ecd66f5f82d4a3a28bca54e67df25571ee7e1df78bfa74b9b7a1
2025-09-05 12:58:03,转入,0.551000,USDT,TDE4X4nap1DzcxR9tX2rpx9j8y5euYen12,TMofoe4QfwjuFc5cic6SRQcG8iqdnEA6Ne,df676cb5a320658ce8474fe64efea501428124705dee0d9e6616104aba8b40eb
2025-09-05 12:57:00,转出,550.000000,USDT,TMofoe4QfwjuFc5cic6SRQcG8iqdnEA6Ne,TDEA2LPm45xvMVy9AD1X5McY3fFeuYen12,f81b09b6c9491c2129aebcdec1509b7d4f618f0816cfc18633414a2daeb9c38c
2025-09-03 08:25:18,转入,1.050081,USDT,TPXZERUNn3iy2us6dXzRKeD3FzELR9TcRX,TMofoe4QfwjuFc5cic6SRQcG8iqdnEA6Ne,5f6ed47c3a4a25039741a6868b134d32d12807347df6b7556def6d202dd1c2a7
2025-09-03 08:24:57,转出,"5,008,000.000000",USDT,TMofoe4QfwjuFc5cic6SRQcG8iqdnEA6Ne,TA1TAos9qzwgJNjJDEpTayZwbzELR9TcRX,169f106f7a644ff84e230e1116a9113a0816e8e6fe937849132f9e4575e571bf
2025-09-03 08:09:45,转入,1.050001,USDT,TVnNtn27H7xGBxSU16DBPLhhwzELR9TcRX,TMofoe4QfwjuFc5cic6SRQcG8iqdnEA6Ne,dbd935de7779a622d93bb81d2dde9f29e3bb64ae23a83620a0bb8c1cbdeeda26
2025-09-03 08:09:24,转出,"5,000,000.000000",USDT,TMofoe4QfwjuFc5cic6SRQcG8iqdnEA6Ne,TA1TAos9qzwgJNjJDEpTayZwbzELR9TcRX,caf960068c1bc0eadafe9639e0b60f47d591dbae797f039f268b93a0ff5a2068
2025-09-03 08:08:21,转出,"8,000.000000",USDT,TMofoe4QfwjuFc5cic6SRQcG8iqdnEA6Ne,TA1TAos9qzwgJNjJDEpTayZwbzELR9TcRX,900f697b76354eb9e33ce9c041bbb3891136aad75ad41b6b4b67db005e53d996
2025-09-03 08:06:12,转出,"1,318,000.000000",USDT,TMofoe4QfwjuFc5cic6SRQcG8iqdnEA6Ne,TKocA2TZXtx3wZGrMx6Cczz1uUVTAqaCf4,6f824f6048ea466a9b91748654894a1ceaa95ab3c47a512c17914e4a1314b4fb
2025-09-03 08:04:39,转出,350.000000,USDT,TMofoe4QfwjuFc5cic6SRQcG8iqdnEA6Ne,TKocA2TZXtx3wZGrMx6Cczz1uUVTAqaCf4,0df2a150380595e5441571b56585659ee0ed7c65512aca5fb9a4e694c9a61b06
2025-09-01 10:53:39,转入,5.008009,USDT,TA1Tax17HD8w7Wb9jvPMG36DDiwFR9TcRX,TMofoe4QfwjuFc5cic6SRQcG8iqdnEA6Ne,81651b0e4811baa8a7dce1c143faefe1087311567336d385a0777d8d4f4dd937
2025-09-01 10:51:51,转出,"5,008,000.000000",USDT,TMofoe4QfwjuFc5cic6SRQcG8iqdnEA6Ne,TA1TAos9qzwgJNjJDEpTayZwbzELR9TcRX,b423a3dbd3e0dd0ba4083f2c2bb332d6936628310a6f0f1399128e6ae55221d0
2025-08-29 14:14:24,转入,"15,000,000.000000",USDT,TFwNFHjcz2YLJLz9RK4Me4BVyVbTNf71BE,TMofoe4QfwjuFc5cic6SRQcG8iqdnEA6Ne,b5f2f8219cdcea98483e78cf8f68dff336234174cdca5ca3231a81361703632d
2025-08-28 12:44:00,转入,"3,000,000.000000",USDT,TFwNFHjcz2YLJLz9RK4Me4BVyVbTNf71BE,TMofoe4QfwjuFc5cic6SRQcG8iqdnEA6Ne,eacbfbc2b227412a41e44d6b5e71c76ad207c6240683abe57b2b72e4ad6a1657
2025-08-27 10:07:00,转入,"3,000,000.000000",USDT,TFwNFHjcz2YLJLz9RK4Me4BVyVbTNf71BE,TMofoe4QfwjuFc5cic6SRQcG8iqdnEA6Ne,6c365c04932c88531acd0d6e2e05b4369782de2a60aad04aa6affdd9cca5728e
2025-08-26 16:53:03,转入,"6,000,000.000000",USDT,TFwNFHjcz2YLJLz9RK4Me4BVyVbTNf71BE,TMofoe4QfwjuFc5cic6SRQcG8iqdnEA6Ne,62d45a1cae50c595e21c3c1e5e965e4d725778a8dc926ba7b2a4a1a411a7c3e0
2025-08-25 16:12:03,转入,"2,000,000.000000",USDT,TFwNFHjcz2YLJLz9RK4Me4BVyVbTNf71BE,TMofoe4QfwjuFc5cic6SRQcG8iqdnEA6Ne,bbfe9729dcca5c44cb5d49e1e0aa4cb384f62916c35f8e5dc6684639393b72ec
2025-08-25 08:45:39,转入,"4,500,000.000000",USDT,TFwNFHjcz2YLJLz9RK4Me4BVyVbTNf71BE,TMofoe4QfwjuFc5cic6SRQcG8iqdnEA6Ne,4e312d1ce3d86195ca5b9586c3249838b401073ba0e76cf2a778e07ba49e5b6b
2025-08-25 08:26:48,转入,"4,500,000.000000",USDT,TFwNFHjcz2YLJLz9RK4Me4BVyVbTNf71BE,TMofoe4QfwjuFc5cic6SRQcG8iqdnEA6Ne,a5aad670832876db0de528281e2edb433900fe0cbcbd52d3d39d2f3b55762a4b
2025-08-25 07:56:18,转入,"6,999,900.000000",USDT,TFwNFHjcz2YLJLz9RK4Me4BVyVbTNf71BE,TMofoe4QfwjuFc5cic6SRQcG8iqdnEA6Ne,a6b18bf2d27bc2eb58e47b063e5860c8afad6cd0f743465b813bfa5dbec92051
2025-08-25 07:50:48,转入,100.000000,USDT,TFwNFHjcz2YLJLz9RK4Me4BVyVbTNf71BE,TMofoe4QfwjuFc5cic6SRQcG8iqdnEA6Ne,d6c88e107f3fdbda936bb30407778b9daac0c60ec03efaae9e6881ef26abbdf9
